cluster,concat_id,long,lat
1,MSBMSB:Herp:33586,-103.12743,32.5518
1,MSBMSB:Herp:21302,-102.82056,32.002168
1,MSBMSB:Herp:33838,-103.94655,32.97274
1,MSBMSB:Herp:23623,-103.75992,33.44013
1,MSBMSB:Herp:33818,-103.98655,32.78726
1,MSBMSB:Herp:55197,-103.878968,33.334213
1,MSBMSB:Herp:21296,-102.970185,31.95286
1,MSBMSB:Herp:21299,-102.724237,32.209031
2,MVZMVZ:Herp:205105,-118.1838435,37.3452769
2,MVZMVZ:Herp:3316,-118.09899,36.49266
2,LACM95739,-118.0903644,36.6583302
2,KU68988,-118.3617624,36.8023549
2,MVZMVZ:Herp:205164,-118.2049947,37.2327932
2,CAS87988,-117.549958,36.528192
2,MVZMVZ:Herp:205172,-118.4045652,37.1280061
2,MVZMVZ:Herp:205168,-118.3038122,37.165033
2,MVZMVZ:Herp:17193,-119.118636,37.8002719
2,LACM18483,-117.0672655,36.2311378
2,CAS214863,-118.182467,36.598333
2,LACM18457,-118.3587388,37.3614422
2,MVZMVZ:Herp:223462,-118.7831896,37.6753601
2,MVZMVZ:Herp:24203,-117.9734669,37.0363934
2,CAS145548,-117.8156584,36.7029592
2,LACM189154,-118.52386,37.65153
2,LACM95766,-118.8574233,37.5892434
2,LACM,-118.57777,37.2557
2,LACM190478,-118.608386,37.480875
2,MVZMVZ:Herp:223458,-118.4022125,37.5045377
2,MVZMVZ:Herp:50966,-118.541585,37.768212
2,LACM4457,-118.6801789,37.5750751
2,LACM189184,-118.50956,37.40902
3,LACM142637,-117.8,34.35
3,LACM17984,-117.1313463,34.2380089
3,LACM110440,-117.939566,34.353254
3,CAS213204,-118.5690065,35.4828196
3,CAS765,-116.678889,33.664167
3,MVZMVZ:Herp:286682,-117.696728,34.35572
3,SDNHM9944,-115.47,30.99
3,LACM18251,-116.8729828,34.2867483
3,LACM115592,-118.116072,34.2325002
3,MVZMVZ:Herp:286984,-116.863083,34.172509
3,MVZMVZ:Herp:286869,-116.737513,33.790342
3,MVZMVZ:Herp:719,-117.0683309,34.1431709
3,SDNHM20389,-115.9024,32.0408
3,SDNHM1321,-116.89553,33.33762
3,CAS56953,-115.408167,30.895306
3,SDNHM46260,-115.55926,30.87471
3,KU40393,-117.8536654,34.4763973
3,SDNHM72582,-116.44151,32.87351
3,MVZMVZ:Herp:180195,-116.5340045,33.8283454
3,LACM18515,-119.0961687,34.8378447
3,LACM189656,-116.96328,34.23111
3,MVZMVZ:Herp:140771,-115.4838772,30.7731953
3,LACM18527,-118.9826646,34.7873409
3,MVZMVZ:Herp:228887,-119.2019321,34.8303161
3,CAS189552,-116.9309852,34.0873274
3,MVZMVZ:Herp:230565,-119.3076614,34.6366936
3,CAS592,-115.3072103,30.7867529
3,MVZMVZ:Herp:228892,-118.4076862,35.4274642
3,SDNHM74979,-116.63218,33.78556
3,CAS219678,-118.3089336,35.4015685
3,CAS181427,-115.566222,31.062528
3,MVZMVZ:Herp:527,-116.4361723,33.5264357
3,LACM16787,-118.5260412,34.6956356
3,MVZMVZ:Herp:35258,-118.9950447,34.4895019
3,SDNHM1249,-116.45036,32.77167
3,SDNHM10373,-115.98302,32.16624
3,LACM95808,-117.2973494,34.2609701
3,LACM18601,-118.5381263,34.2956585
3,MVZMVZ:Herp:631,-116.6017307,32.9467516
3,MVZMVZ:Herp:286951,-117.269539,33.51217
3,MVZMVZ:Herp:59944,-118.6359811,35.2055173
3,LACM95749,-117.9064872,34.1336044
3,LACM4448,-119.1146059,34.6294342
3,LACM18442,-117.5612216,34.27215
3,LACM18599,-118.471099,34.165519
3,LACM36549,-115.881699,32.262515
3,CAS90834,-116.9339711,34.3709056
3,CAS71992,-116.786389,33.9175
3,CAS197481,-117.7675,34.229167
3,LACM95828,-116.73704,33.24977
3,USNMUSNM 53685,-116.913,32.8584
3,LACM95757,-118.7085841,34.0849942
3,MVZMVZ:Herp:27132,-117.4281241,34.3257944
3,USNMUSNM 45216,-118.4476559,35.1275357
3,LACM27018,-118.3378035,34.2722296
3,LACM95767,-117.49036,33.59352
3,LACM36513,-116.0964961,32.5062461
3,CAS11380,-116.4588766,31.6259314
3,SDNHM4175,-115.75,30.96667
4,CAS225074,-121.3189814,40.3204677
4,MVZMVZ:Herp:3898,-122.2410507,38.8861724
4,MVZMVZ:Herp:71145,-123.1786094,40.9537032
4,CAS206390,-120.49444,39.18732
4,MVZMVZ:Herp:228957,-121.6284331,40.3503436
4,MVZMVZ:Herp:88537,-122.0164805,40.8402812
4,MVZMVZ:Herp:286953,-120.137131,37.944149
4,MVZMVZ:Herp:252181,-121.5186534,40.3440206
4,MVZMVZ:Herp:18365,-123.4824485,41.7160718
4,MVZMVZ:Herp:230936,-121.072861,40.017861
4,CAS3252,-122.3102645,41.3097763
4,MVZMVZ:Herp:164561,-121.4098793,37.4089915
4,CAS189568,-120.4856519,38.9573604
4,CAS3156,-122.3974922,41.0224079
4,MVZMVZ:Herp:229186,-121.8206034,39.2054967
4,CAS7661,-119.8245533,38.340786
4,CAS205948,-120.963917,39.511528
4,MVZMVZ:Herp:140565,-120.6591022,38.8997682
4,CAS227080,-121.5024899,40.6075444
4,CAS209860,-120.5779253,39.3492802
4,USNMUSNM 20523,-120.315736,38.2784474
4,CAS205878,-120.779418,39.143338
4,MVZMVZ:Herp:137461,-119.9009306,38.611554
4,CAS23279,-120.361389,39.296667
4,CAS39642,-121.4393999,40.4403557
4,MVZMVZ:Herp:228936,-121.9105124,41.2657324
4,CAS209662,-121.3579441,39.7482214
4,MVZMVZ:Herp:252065,-120.74738,40.91415
4,CAS210360,-120.652333,39.566367
4,CAS5905,-120.020833,38.921944
4,SDNHM29292,-121.95722,40.52405
4,CAS227298,-121.5445944,40.0254709
4,MVZMVZ:Herp:287122,-119.996523,38.24183
4,MVZMVZ:Herp:10887,-120.718333,40.722
4,CAS209328,-120.4592628,40.0299799
4,MVZMVZ:Herp:100305,-120.407167,39.870833
4,CAS221036,-120.9047968,39.700759
4,CAS227157,-121.2930688,40.5991853
4,MVZMVZ:Herp:3830,-122.5447455,39.5889833
4,MVZMVZ:Herp:252080,-120.76374,40.55468
4,CAS234604,-121.768406,40.988847
4,CAS227130,-121.3737383,40.7072378
4,CAS209959,-120.6625338,39.166466
4,CAS5963,-121.6891151,40.8688305
4,MVZMVZ:Herp:75811,-121.187,40.037
4,CAS36065,-122.6461026,41.4497882
4,CAS209356,-120.6242772,40.2003586
4,MVZMVZ:Herp:179973,-122.9418292,41.2316019
4,MVZMVZ:Herp:250082,-119.79848,38.00013
4,CAS203641,-122.3901001,38.8838542
4,CAS5079,-120.705278,38.300556
4,MVZMVZ:Herp:179987,-120.7035,39.283167
4,CAS227457,-121.67068,39.9988593
4,CAS209726,-121.0685722,39.6693083
4,CAS203378,-120.630361,39.460833
4,CAS227241,-121.006864,40.7413794
4,MVZMVZ:Herp:74338,-121.7889875,41.2005385
4,MVZMVZ:Herp:14981,-121.7239785,40.2921178
4,CAS209283,-120.5372102,40.1396713
4,CAS227276,-121.4566485,40.1069702
4,CAS227318,-121.3064241,40.1867751
4,CAS199726,-122.815472,41.121336
4,CAS2592,-122.839167,41.607778
4,CAS227366,-121.593436,40.5351558
4,MVZMVZ:Herp:5210,-122.8537011,40.0363265
4,CAS209361,-120.6535456,40.0419221
4,CAS209593,-121.2006093,39.8780674
4,MVZMVZ:Herp:228903,-121.0281872,40.3018535
4,CAS227071,-120.8580597,40.6858815
4,CAS263149,-121.447097,39.801911
4,CAS189544,-120.427,40.2155
4,USNMUSNM 269663,-123.622,42.1627
4,MVZMVZ:Herp:287115,-120.232699,39.319628
4,MVZMVZ:Herp:81958,-120.0785292,38.4120116
4,CAS206384,-120.406667,39.1065
4,MVZMVZ:Herp:70515,-121.5993491,41.141245
4,MVZMVZ:Herp:10079,-123.112628,40.650694
4,CAS5635,-120.6171492,38.7474355
4,MVZMVZ:Herp:47185,-120.0002709,37.897262
4,MVZMVZ:Herp:233477,-123.118556,41.809889
4,MVZMVZ:Herp:230562,-122.0701085,38.4234002
4,CAS6591,-122.1925,40.7375
4,CAS205702,-121.194694,39.710667
4,CAS206026,-120.809222,39.909889
4,MVZMVZ:Herp:16941,-121.2405396,37.6642332
4,CAS226698,-121.0997028,40.5746873
4,MVZMVZ:Herp:229165,-122.6284836,39.8784083
4,CAS228222,-120.328281,38.992281
4,CAS210458,-120.46305,39.702733
4,MVZMVZ:Herp:28751,-119.917345,37.9868077
4,CAS205622,-121.115722,39.580278
4,MVZMVZ:Herp:14987,-122.7903806,40.6415387
4,MVZMVZ:Herp:43088,-120.6449297,40.4161558
4,CAS209736,-121.0054282,39.7755299
4,MVZMVZ:Herp:43422,-122.296396,40.908308
4,MVZMVZ:Herp:8273,-122.1945543,41.408909800000004
4,MVZMVZ:Herp:6116,-120.741167,39.042833
4,CAS206099,-121.068278,39.91175
4,CAS221010,-122.7441475,39.897157
4,MVZMVZ:Herp:92683,-120.310167,39.549
4,CAS44192,-121.143056,41.121389
4,CAS226106,-120.160117,38.78765
4,MVZMVZ:Herp:250588,-122.447229,40.752781
4,CAS84245,-121.3568366,41.1622478
4,CAS3615,-120.5157473,38.7848356
4,MVZMVZ:Herp:62103,-122.9015017,40.804549
4,MVZMVZ:Herp:17194,-119.993774,39.065317
4,CAS44163,-122.316153,40.7365992
4,CAS210004,-120.6645136,39.7306775
4,CAS55373,-120.185261,37.828897
4,MVZMVZ:Herp:74521,-123.4515464,41.3767931
5,BYUBYU:Herp:2730,-112.41529,39.67894
5,SDNHM26341,-112.42,40.01
5,MVZMVZ:Herp:11305,-114.2379665,38.9887111
5,CAS14404,-114.5151811,39.0427441
5,SDNHM26612,-112.25,40.36
5,SDNHM26627,-112.46,40.33
5,BYUBYU:Herp:52878,-112.475,40.18594
5,LACM113560,-112.54589,40.60641
5,BYUBYU:Herp:13022,-113.899734,41.350276
5,LACM111257,-112.68387,40.70954
5,SDNHM26336,-112.61,40.33
5,BYUBYU:Herp:11416,-112.57254,40.70404
5,CAS10193,-112.18974,40.71199
5,SDNHM26329,-113.61,40.41
5,CAS227962,-114.138467,38.922967
5,CAS21647,-112.19771,40.48477
5,CAS229056,-112.363,42.79535
5,MVZMVZ:Herp:250591,-112.316833,39.740667
5,USNMUSNM 48664,-112.251,42.1916
5,UMNHUMNH:Herp:2012,-112.20717,40.957998
5,SDNHM26359,-112.73,40.29
5,SDNHM26349,-113.84348,40.00858
5,UMNHUMNH:Herp:2333,-112.16649,41.222839
5,CAS127458,-114.3555422,39.1438854
5,MVZMVZ:Herp:27207,-114.36497,38.9288493
5,CAS229141,-113.676083,41.95375
5,UMNHUMNH:Herp:1415,-112.60392,41.209441
5,CAS229031,-112.117739,41.990389
5,MVZMVZ:Herp:229192,-113.6611733,41.5084526
5,MVZMVZ:Herp:24479,-114.077119,39.335356
5,SDNHM664,-112.83,39.55
5,CAS228321,-112.945833,42.108667
5,CAS11222,-114.5117465,38.9190204
5,LACM95850,-112.32808,40.23388
5,SDNHM26386,-113.72,41.65
5,CAS227958,-114.3040957,38.6902952
5,SDNHM26579,-113.15,41.89
5,USNMUSNM 48160,-113.343,42.1294
5,BYUBYU:Herp:49430,-113.868167,39.780183
5,USNMUSNM 4925,-113.112,40.453
5,CAS153769,-112.143,41.876
6,USNMUSNM 63267,-118.807,43.2613
6,MVZMVZ:Herp:1379,-118.6214016,41.6736122
6,CAS262192,-118.427333,41.307556
6,MVZMVZ:Herp:230269,-119.3754,47.0665
6,MVZMVZ:Herp:1358,-118.4332157,41.5877949
6,USNMUSNM 313041,-118.868,43.0663
6,CAS11215,-117.7027379,39.5400065
6,MVZMVZ:Herp:1388,-118.7518153,41.7084206
6,MVZMVZ:Herp:35161,-119.0275,46.19699
6,MVZMVZ:Herp:1245,-119.0101937,41.8439666
6,CAS202973,-119.455,41.525028
6,USNMUSNM 21479,-119.343,45.9173
6,CAS91669,-118.800028,38.553097
6,MVZMVZ:Herp:149958,-117.5369867,38.8118983
6,USNMUSNM 44674,-118.605,42.3796
6,KU50418,-119.338348,43.46329
6,MVZMVZ:Herp:16792,-119.1377237,45.9136561
6,MVZMVZ:Herp:251463,-118.68131,38.41205
6,MVZMVZ:Herp:1384,-118.7045124,41.5850128
6,CAS262235,-118.693642,42.669769
6,USNMUSNM 313044,-119.278,47.1301
6,USNMUSNM 44978,-119.054,43.5863
6,UCMUCM:Herp:63851,-118.524729,43.743738
6,MVZMVZ:Herp:7525,-118.8032498,41.9236873
6,MVZMVZ:Herp:36159,-119.1632509,41.3917418
7,MVZMVZ:Herp:17835,-110.4298776,36.6516518
7,SDNHM26626,-112.46,40.33
7,BYUBYU:Herp:36489,-111.60615,40.09356
7,CAS54013,-110.81973,39.24317
7,CAS38521,-111.57503,40.35712
7,MVZMVZ:Herp:79316,-109.8686222,37.5867951
7,BYUBYU:Herp:11588,-111.92791,40.67278
7,UMNHUMNH:Herp:2412,-112.336327,38.960519
7,MSBMSB:Herp:85748,-108.052742,39.608667
7,UCMUCM:Herp:4548,-108.49369,37.260545
7,UCMUCM:Herp:5352,-108.933362,40.50728
7,UCMUCM:Herp:4512,-108.709264,38.043963
7,UMNHUMNH:Herp:3082,-112.100498,40.769389
7,MSBMSB:Herp:87554,-108.549794,40.410322
7,KU63768,-109.394031,41.550768
7,UMNHUMNH:Herp:2279,-112.015215,40.495504
7,BYUBYU:Herp:1929,-111.41397,38.29859
7,USNMUSNM 48656,-109.465,42.6333
7,LACM99428,-110.81325,39.59954
7,UCMUCM:Herp:2277,-108.27767,40.51759
7,BYUBYU:Herp:38251,-109.33659,37.80479
7,MSBMSB:Herp:3052,-108.24604,36.52442
7,UMNHUMNH:Herp:2287,-111.806828,40.750331
7,BYUBYU:Herp:2066,-111.02056,39.2112
7,UMNHUMNH:Herp:2872,-109.478177,37.624165
7,MSBMSB:Herp:86598,-111.248313,38.282256
7,LACM113562,-112.54589,40.60641
7,UCMUCM:Herp:2715,-108.728988,39.071893
7,CAS222154,-109.177,39.73112
7,UMNHUMNH:Herp:1510,-110.538594,36.651616
7,KU20656,-113.10633,37.67802
7,BYUBYU:Herp:52866,-112.472,40.18594
7,USNMUSNM 88595,-108.706,37.0283
7,UCMUCM:Herp:13823,-112.15076,38.207
7,CAS41041,-109.713,38.971
7,CAS54031,-113.04938,37.86345
7,BYUBYU:Herp:53976,-112.419916,38.585553
7,UMNHUMNH:Herp:3507,-109.651478,40.92275
7,UCMUCM:Herp:55740,-107.734279,40.40322
7,MVZMVZ:Herp:49727,-112.2647395,39.1620094
7,LACM95850,-112.32808,40.23388
7,UMNHUMNH:Herp:193,-112.368809,37.086651
7,MSBMSB:Herp:26682,-107.96161,36.0607
7,KU79489,-110.634754,41.267865
7,BYUBYU:Herp:37853,-108.125634,39.493921
7,MSBMSB:Herp:87514,-109.308919,40.438704
7,BYUBYU:Herp:11412,-112.57254,40.70404
7,UMNHUMNH:Herp:5306,-111.855213,39.868288
7,UCMUCM:Herp:4536,-108.547187,37.376798
7,UCMUCM:Herp:4158,-108.8,39.923869
7,LACM136569,-107.91176,43.23582
7,UMNHUMNH:Herp:772,-112.434374,37.649702
7,BYUBYU:Herp:52853,-109.378,38.25519
7,MSBMSB:Herp:82984,-108.3865,40.030789
7,USNMUSNM 260873,-109.194,40.5081
7,CAS256450,-115.116806,36.628389
7,BYUBYU:Herp:12549,-110.7907,37.01825
7,BYUBYU:Herp:3023,-113.02298,37.28599
7,UCMUCM:Herp:4580,-108.532478,37.064681
7,CAS47860,-112.63486,38.25212
7,LACM99430,-110.39281,39.55079
7,KU29419,-108.129603,43.235828
7,USNMUSNM 44927,-108.5225281,45.7241391
7,KU50410,-109.616111,41.415806
7,MSBMSB:Herp:86586,-110.983686,37.760586000000004
7,UCMUCM:Herp:14109,-111.743625,41.72243
7,USNMUSNM 44754,-112.106,40.3275
7,SDNHM26366,-112.73,40.29
7,CAS47847,-112.410556,38.885833
7,MSBMSB:Herp:3201,-107.519892,37.024446
7,MSBMSB:Herp:40668,-108.98488,36.99638
7,UCMUCM:Herp:67585,-108.676,37.304
7,KU79624,-110.885384,41.268304
7,UMNHUMNH:Herp:968,-108.687032,36.785554
7,MSBMSB:Herp:3071,-108.1164,36.60441
7,UMNHUMNH:Herp:628,-111.586305,39.359684
7,MSBMSB:Herp:82991,-108.269139,39.98562
7,SDNHM24918,-112.48,37.43
7,MSBMSB:Herp:82985,-108.355086,40.135628
7,UCMUCM:Herp:67334,-109.021,37.435
7,CAS38525,-111.70011,40.57466
7,MVZMVZ:Herp:49733,-112.5973684,37.3207435
7,LACM4432,-112.357403,36.332205
7,USNMUSNM 11966,-111.968,41.2414
7,LACM52908,-110.73333,39.80157
7,KU79609,-109.187137,41.566025
7,USNMUSNM 48128,-108.17,43.4417
7,BYUBYU:Herp:54093,-109.82673,40.04253
7,BYUBYU:Herp:17618,-112.25222,40.4202
7,LACM95853,-113.49587,37.38989
7,UCMUCM:Herp:17388,-107.8833,37.8167
7,UMNHUMNH:Herp:3780,-107.337435,38.453292
7,UMNHUMNH:Herp:3489,-109.545716,41.580252
7,UCMUCM:Herp:17381,-109.119233,38.491237
7,MSBMSB:Herp:3030,-107.97222,36.58992
7,MSBMSB:Herp:82968,-108.934083,39.314939
7,UCMUCM:Herp:9433,-108.858278,37.101833
7,MSBMSB:Herp:59686,-107.98298,36.32309
7,USNMUSNM 48694,-109.57,41.02
7,USNMUSNM 565782,-108.633,44.7833
7,CAS255959,-115.207528,36.563694
7,LACM17558,-112.65989,37.18982
7,BYUBYU:Herp:38261,-109.50326,37.78708
7,MSBMSB:Herp:32972,-109.532885,36.155282
7,CAS47855,-112.44629,38.449525
7,BYUBYU:Herp:53572,-109.435813,40.597972
7,UCMUCM:Herp:43418,-108.244712,40.089827
7,MSBMSB:Herp:85905,-108.870706,40.605578
7,UCMUCM:Herp:43311,-108.068958,39.032148
7,UMNHUMNH:Herp:3735,-107.444443,36.921391
7,MVZMVZ:Herp:17826,-110.2543738,36.7277512
7,MVZMVZ:Herp:241598,-111.1622215,39.1858962
7,LACM133279,-109.66472,38.33589
7,UCMUCM:Herp:11364,-108.620609,37.601623
7,SDNHM26581,-111.69,40.3
7,UMNHUMNH:Herp:161,-110.223444,37.733497
7,UMNHUMNH:Herp:3161,-111.443135,37.854901
7,UMNHUMNH:Herp:3044,-110.25172,38.37213
7,MSBMSB:Herp:3082,-107.85144,36.74418
7,CAS10194,-112.18974,40.71199
7,KU32517,-108.80722,37.62989
7,SDNHM26381,-112.43,40.09
7,MSBMSB:Herp:84987,-111.203687,38.403603
7,MVZMVZ:Herp:30135,-108.8809175,39.5130879
7,KU79486,-110.839808,41.176047
7,BYUBYU:Herp:13795,-108.28861,37.345
7,CAS10775,-112.88234,38.21004
7,LACM29003,-109.25941,38.24625
7,MSBMSB:Herp:84179,-108.541597,37.501903
7,BYUBYU:Herp:11450,-111.85387,40.86574
7,BYUBYU:Herp:2270,-111.44121,39.63206
7,MVZMVZ:Herp:279504,-113.687824,36.421067
7,LACM95836,-113.43474,38.00611
7,BYUBYU:Herp:17899,-110.36274,37.41309
7,MSBMSB:Herp:106884,-108.283517,36.81365
7,MSBMSB:Herp:87035,-110.031131,37.599792
7,MSBMSB:Herp:82995,-108.874892,40.071961
7,BYUBYU:Herp:37808,-109.9083,37.19744
7,USNMUSNM 14786,-108.022,39.2307
7,UMNHUMNH:Herp:1504,-110.822366,36.413051
7,SDNHM37875,-112.15,38.62
7,UMNHUMNH:Herp:2486,-111.602119,37.625272
7,MSBMSB:Herp:3090,-108.44039,36.78984
7,UCMUCM:Herp:68267,-108.42231,37.33075
7,BYUBYU:Herp:16757,-110.52823,37.22452
7,MSBMSB:Herp:14209,-108.88527,36.46798
7,USNMUSNM 18138,-114.2055823,37.7033047
7,MVZMVZ:Herp:250590,-112.316833,39.740667
7,BYUBYU:Herp:11712,-109.35382,37.12764
7,MVZMVZ:Herp:279605,-113.999836,37.731064
7,UCMUCM:Herp:1329,-108.901427,37.700931
7,MVZMVZ:Herp:49728,-112.0382433,39.1216816
7,LACM150815,-107.844265,36.408429
7,UMNHUMNH:Herp:172,-110.318761,39.088027
7,MSBMSB:Herp:3083,-107.76914,36.68133
7,UCMUCM:Herp:60644,-108.46644,39.01829
7,BYUBYU:Herp:643,-112.1845,40.498126
7,MSBMSB:Herp:10517,-108.70581,36.28485
7,UMNHUMNH:Herp:2865,-113.984248,37.110832
7,BYUBYU:Herp:11604,-111.97434,41.09991
7,BYUBYU:Herp:2154,-112.08396,37.62456
7,UMNHUMNH:Herp:788,-112.084094,38.772467
7,BYUBYU:Herp:677,-111.25038,38.14128
7,SDNHM26600,-112.61,40.33
7,MVZMVZ:Herp:229217,-110.2001207,41.3818181
7,UCMUCM:Herp:11366,-109.133149,37.347622
7,UCMUCM:Herp:49,-107.91313,40.037473
7,MVZMVZ:Herp:17851,-110.4963818,36.9225454
7,LACM95833,-110.77187,38.11526
7,LACM67710,-110.59637,39.5355
7,UMNHUMNH:Herp:2891,-109.012277,37.870921
7,UMNHUMNH:Herp:614,-110.699852,37.944177
7,UCMUCM:Herp:4165,-107.78312,39.650663
7,BYUBYU:Herp:790,-109.54917,38.57333
7,UCMUCM:Herp:9706,-107.397746,39.548013
7,MVZMVZ:Herp:229159,-112.8267395,36.864632
7,LACM95831,-111.24837,38.92323
7,UCMUCM:Herp:43370,-108.472804,39.858643
7,MSBMSB:Herp:3182,-108.56745,36.36269
7,MVZMVZ:Herp:230686,-112.245594,39.526718
7,MSBMSB:Herp:85916,-108.828967,40.351278
7,MVZMVZ:Herp:30130,-109.8773161,39.9353317
7,UMNHUMNH:Herp:2013,-112.20717,40.957998
7,LACM29005,-109.60732,38.79068
7,UCMUCM:Herp:10060,-108.717321,37.534435
7,KU79534,-109.214432,41.296716
7,USNMUSNM 565793,-108.83,44.9
7,USNMUSNM 87021,-110.865,39.723
7,UCMUCM:Herp:43310,-108.372901,38.840008
7,MVZMVZ:Herp:180238,-110.4781778,36.5508538
7,CAS38076,-113.00968,38.39329
7,SDNHM664,-112.83,39.55
7,LACM95851,-109.54137,40.87758
7,USNMUSNM 40168,-109.025,39.7992
7,LACM95847,-109.93821,37.9375
7,BYUBYU:Herp:2038,-112.58343,38.60024
7,UMNHUMNH:Herp:1212,-111.655487,41.037445
7,UCMUCM:Herp:6595,-109.34602,37.63987
7,LACM95842,-112.21825,38.9265
7,MSBMSB:Herp:85914,-108.757144,40.604669
7,UMNHUMNH:Herp:1737,-111.859925,38.957741
7,UCMUCM:Herp:67571,-108.311,37.241
7,BYUBYU:Herp:63120,-113.17234,37.76785
7,MSBMSB:Herp:79384,-107.86,36.5325
7,USNMUSNM 44640,-109.332,36.1495
7,UMNHUMNH:Herp:2344,-112.122443,41.163832
7,MVZMVZ:Herp:30151,-108.8094934,40.1741695
7,USNMUSNM 40149,-108.261,38.7578
7,UMNHUMNH:Herp:2346,-110.161804,38.99525
7,MVZMVZ:Herp:30133,-110.5455322,39.8043296
7,SDNHM26591,-109.81,40.3
7,MVZMVZ:Herp:59409,-112.5260741,37.0753293
7,UCMUCM:Herp:17378,-109.001554,38.399071
7,UCMUCM:Herp:4167,-107.282677,39.517282
7,UCMUCM:Herp:21986,-107.656171,39.606572
7,UMNHUMNH:Herp:3220,-110.737663,38.803859
7,UMNHUMNH:Herp:642,-111.777986,40.453283
7,UMNHUMNH:Herp:3306,-112.372986,39.345959
7,LACM28999,-109.11404,38.13071
7,MVZMVZ:Herp:17823,-112.1672203,36.5832426
7,SDNHM24940,-113.49,36.99
7,UCMUCM:Herp:9432,-108.451614,37.124996
7,USNMUSNM 565784,-108.665,44.675
7,MSBMSB:Herp:50378,-108.029236,36.826402
7,BYUBYU:Herp:21629,-109.78725,38.29546
7,UMNHUMNH:Herp:1346,-110.061817,39.875549
7,UCMUCM:Herp:5199,-108.280987,39.183332
7,UCMUCM:Herp:43403,-108.550649,38.759449
7,UMNHUMNH:Herp:3179,-112.399119,39.955502
7,MVZMVZ:Herp:49718,-111.5071912,40.1599475
7,BYUBYU:Herp:11926,-109.67395,37.386
7,BYUBYU:Herp:18451,-109.32104,37.2714
7,BYUBYU:Herp:14666,-111.93061,37.22765
7,UCMUCM:Herp:1304,-108.18545399999999,36.991912
7,USNMUSNM 49583,-110.594,41.5583
7,UMNHUMNH:Herp:4579,-110.222255,37.430024
7,MVZMVZ:Herp:54590,-114.1305775,37.427411
7,BYUBYU:Herp:9598,-110.49491,39.456
7,UMNHUMNH:Herp:513,-111.435742,39.456075
7,BYUBYU:Herp:53981,-112.285945,38.427759
7,UMNHUMNH:Herp:929,-111.372923,40.451117000000004
7,UCMUCM:Herp:7281,-107.98389,36.218039
7,BYUBYU:Herp:16247,-110.69869,37.45476
7,UCMUCM:Herp:22100,-108.261744,38.540307
7,UCMUCM:Herp:52230,-108.331814,38.94693
7,UCMUCM:Herp:2259,-108.207291,40.618422
7,MVZMVZ:Herp:279606,-112.767188,37.653088
7,USNMUSNM 565786,-108.87,44.78
7,UCMUCM:Herp:51992,-109.027668,37.702173
7,UCMUCM:Herp:59091,-109.1767,40.03489
7,BYUBYU:Herp:54132,-112.36004,38.76529
7,MSBMSB:Herp:82049,-109.015875,40.240922
7,UCMUCM:Herp:9701,-107.478656,40.947742
7,UCMUCM:Herp:43208,-107.848097,38.722948
7,UCMUCM:Herp:11371,-107.211163,39.300737
7,USNMUSNM 44798,-108.552,39.076
7,MSBMSB:Herp:50388,-109.01602,36.77639
7,USNMUSNM 40155,-108.864,39.2239
7,KU176454,-111.55267,41.93922
7,MVZMVZ:Herp:193247,-109.267942,38.4128
7,UCMUCM:Herp:13819,-112.99687,37.67802
7,USNMUSNM 48174,-108.054,44.4906
7,UCMUCM:Herp:13822,-112.1677,38.33757
7,MVZMVZ:Herp:76423,-109.9100599,36.1543663
7,MVZMVZ:Herp:69664,-110.6667,36.7667
7,USNMUSNM 40156,-108.014,40.9652
7,USNMUSNM 48130,-109.422,43.4125
7,MSBMSB:Herp:87582,-109.055898,40.569107
7,UCMUCM:Herp:6812,-107.546454,40.57322
7,UMNHUMNH:Herp:3502,-109.861857,40.893864
7,UCMUCM:Herp:57809,-108.9833,41.0333
7,MVZMVZ:Herp:287125,-107.211163,39.416701
7,BYUBYU:Herp:11923,-109.05946,39.16951
7,UCMUCM:Herp:30173,-110.71515,38.53173
7,CAS189570,-109.90304,37.48328
7,UMNHUMNH:Herp:659,-109.54984,38.355853
7,CAS54194,-111.854825,41.632685
7,MSBMSB:Herp:3235,-108.22399,36.6332
7,BYUBYU:Herp:18916,-109.7333,38.50694
7,MVZMVZ:Herp:30153,-108.7767695,39.5810923
7,USNMUSNM 87043,-110.41,39.3856
7,BYUBYU:Herp:3019,-112.41529,39.67894
7,UCMUCM:Herp:59861,-107.95,40.524671
7,KU29415,-108.21139,43.617141
7,SDNHM26578,-111.95,39.95
7,MVZMVZ:Herp:49729,-112.3388102,38.1161687
7,MSBMSB:Herp:85917,-108.678364,40.885747
7,CAS175194,-108.5445,43.8069
7,UCMUCM:Herp:1082,-107.945351,39.737754
7,UMNHUMNH:Herp:2342,-109.319836,38.12249
7,UMNHUMNH:Herp:1516,-110.596301,36.51824
7,MVZMVZ:Herp:30144,-107.6411367,40.5130284
7,CAS229197,-111.0645,38.8405
7,USNMUSNM 36356,-113.553,37.2902
7,UCMUCM:Herp:7191,-107.926454,38.901649
7,SDNHM26613,-111.8,40.56
7,BYUBYU:Herp:17623,-113.69212,37.21226
7,MSBMSB:Herp:14216,-108.78109,36.39957
7,SDNHM26385,-112.82,37.84
7,CAS223573,-108.817667,37.3415
7,UCMUCM:Herp:17379,-107.728019,38.478226
7,KU79491,-110.325707,41.258704
7,UMNHUMNH:Herp:4580,-109.745175,37.980067
7,USNMUSNM 40167,-107.914,39.5347
7,UMNHUMNH:Herp:300,-111.841598,41.744196
7,UMNHUMNH:Herp:670,-113.359117,37.238593
7,UCMUCM:Herp:7308,-107.876177,37.002332
7,SDNHM23535,-112.52,37.2
7,MSBMSB:Herp:87736,-108.675394,40.461447
7,BYUBYU:Herp:53803,-112.27499,38.580632
7,MSBMSB:Herp:87566,-107.516906,40.359989
7,UCMUCM:Herp:56466,-107.745352,38.324983
7,MSBMSB:Herp:59684,-107.70917,36.44817
7,CAS12744,-111.77883,41.36418
7,KU32528,-107.545833,40.747166
7,UMNHUMNH:Herp:1196,-111.598295,37.762415
7,MVZMVZ:Herp:28714,-114.215028,38.2021044
7,UCMUCM:Herp:6024,-109.145757,39.014911
7,USNMUSNM 40165,-108.374,38.16
7,MSBMSB:Herp:82485,-109.022722,37.327978
7,SDNHM26384,-110.4,40.16
7,SDNHM64450,-109.58,40.44
7,MSBMSB:Herp:85898,-107.887761,39.237828
7,MVZMVZ:Herp:146095,-112.2997153,37.7412666
7,MSBMSB:Herp:85901,-108.215253,39.334022
7,KU29414,-110.556374,41.792498
7,CAS189540,-111.257842,42.08107
7,MVZMVZ:Herp:229163,-113.1380426,36.4099403
7,MSBMSB:Herp:85903,-108.693464,39.190406
7,MSBMSB:Herp:84964,-111.280231,38.485078
7,UCMUCM:Herp:690,-108.730672,42.833014
7,BYUBYU:Herp:13126,-109.13317,37.84646
7,MSBMSB:Herp:82963,-108.911203,37.468397
7,UMNHUMNH:Herp:167,-110.348768,39.265525
7,BYUBYU:Herp:16685,-110.73961,40.15607
7,MVZMVZ:Herp:49730,-112.3710699,38.0161705
7,MSBMSB:Herp:98364,-107.433064,38.926372
7,MVZMVZ:Herp:279610,-112.810593,37.459111
7,BYUBYU:Herp:2787,-111.90425,40.38838
7,KU27817,-108.03833,44.27862
7,USNMUSNM 18137,-114.4605805,36.9479193
7,KU87555,-111.0289,41.3888
7,SDNHM13025,-112.25555,36.87418
7,MSBMSB:Herp:82982,-107.786383,39.522522
7,MSBMSB:Herp:82679,-111.16376700000001,41.433628
7,UCMUCM:Herp:4511,-108.829744,38.098475
7,USNMUSNM 48175,-108.358,44.4906
7,MSBMSB:Herp:73712,-108.160317,36.187817
7,MSBMSB:Herp:32457,-108.50913,36.69861
7,CAS54197,-111.407,41.985
7,BYUBYU:Herp:53320,-112.30794,37.29681
7,UCMUCM:Herp:11365,-108.059881,37.639084
